id,name,salary,dateofjoining,address
1,James,10000,11-03-2021,6649NBlueGumSt
2,Josephine,5000,12-03-2021,4 B Blue Ridge Blvd
3,Art,20000,13-03-2021,8 W Cerritos Ave #54
4,Lenna,50000,14-03-2021,639 Main St
5,Donette,60000,15-03-2021,34 Center St
6,Simona,80000,16-03-2021,3 Mcauley Dr
7,Mitsue,20000,17-03-2021,7 Eads St
8,Leota,40000,18-03-2021,7 W Jackson Blvd
9,Sage,80000,19-03-2021,5 Boston Ave #88
10,Kris,10000,20-03-2021,228 Runamuck Pl #2808
11,Minna,30000,21-03-2021,2371 Jerrold Ave
12,Abel,70000,22-03-2021,37275 St  Rt 17m M
13,Kiley,20000,23-03-2021,25 E 75th St #69
14,Graciela,10000,24-03-2021,98 Connecticut Ave Nw
15,Cammy,985623,25-03-2021,56 E Morehead St
16,Mattie,323221,26-03-2021,73 State Road 434 E
17,Meaghan,20000,27-03-2021,69734 E Carrillo St
18,Gladys,56312,28-03-2021,322 New Horizon Blvd
19,Yuki,54321,29-03-2021,1 State Route 27
20,Fletcher,6532,30-03-2021,394 Manchester Blvd
21,Bette,655451,31-03-2021,6 S 33rd St
22,Veronika,654351,01-04-2021,6 Greenleaf Ave
23,Willard,20000,02-04-2021,618 W Yakima Ave
24,Maryann,623121,03-04-2021,74 S Westgate St
25,Alisha,777752,04-04-2021,3273 State St
26,Allene,20000,05-04-2021,1 Central Ave
27,Chanel,10000,06-04-2021,86 Nw 66th St #8673
28,Ezekiel,5000,07-04-2021,2 Cedar Ave #84
29,Willow,20000,08-04-2021,90991 Thorburn Ave
30,Bernardo,50000,09-04-2021,386 9th Ave N
31,Ammie,60000,10-04-2021,74874 Atlantic Ave
32,Francine,80000,11-04-2021,366 South Dr
33,Ernie,20000,12-04-2021,45 E Liberty St
34,Albina,40000,13-04-2021,4 Ralph Ct
35,Alishia,80000,14-04-2021,2742 Distribution Way
36,Solange,10000,15-04-2021,426 Wolf St
37,Jose,30000,16-04-2021,128 Bransten Rd
38,Rozella,70000,17-04-2021,17 Morena Blvd
39,Valentine,20000,18-04-2021,775 W 17th St
40,Kati,10000,19-04-2021,6980 Dorsett Rd
41,Youlanda,985623,20-04-2021,2881 Lewis Rd
42,Dyan,323221,21-04-2021,7219 Woodfield Rd
43,Roxane,20000,22-04-2021,1048 Main St
44,Lavera,56312,23-04-2021,678 3rd Ave
45,Erick,54321,24-04-2021,20 S Babcock St
46,Fatima,6532,25-04-2021,2 Lighthouse Ave
47,Jina,655451,26-04-2021,38938 Park Blvd
48,Kanisha,654351,27-04-2021,5 Tomahawk Dr
49,Emerson,20000,28-04-2021,762 S Main St
50,Blair,623121,29-04-2021,209 Decker Dr
51,Brock,777752,30-04-2021,4486 W O St #1
52,Lorrie,20000,01-05-2021,39 S 7th St
53,Sabra,10000,02-05-2021,98839 Hawthorne Blvd #6101
54,Marjory,5000,03-05-2021,71 San Mateo Ave
55,Karl,20000,04-05-2021,76 Brooks St #9
56,Tonette,50000,05-05-2021,4545 Courthouse Rd
57,Amber,60000,06-05-2021,14288 Foster Ave #4121
58,Shenika,80000,07-05-2021,4 Otis St
59,Delmy,20000,08-05-2021,65895 S 16th St
60,Deeanna,40000,09-05-2021,14302 Pennsylvania Ave
61,Blondell,80000,10-05-2021,201 Hawk Ct
62,Jamal,10000,11-05-2021,53075 Sw 152nd Ter #615
63,Cecily,30000,12-05-2021,59 N Groesbeck Hwy
64,Carmelina,70000,13-05-2021,2664 Lewis Rd
65,Maurine,20000,14-05-2021,59 Shady Ln #53
66,Tawna,10000,15-05-2021,3305 Nabell Ave #679
67,Penney,985623,16-05-2021,18 Fountain St
68,Elly,323221,17-05-2021,7 W 32nd St
69,Ilene,20000,18-05-2021,2853 S Central Expy
70,Vallie,56312,19-05-2021,74 W College St
71,Kallie,54321,20-05-2021,701 S Harrison Rd
72,Johnetta,6532,21-05-2021,1088 Pinehurst St
73,Bobbye,655451,22-05-2021,30 W 80th St #1995
74,Micaela,654351,23-05-2021,20932 Hedley St
75,Tamar,20000,24-05-2021,2737 Pistorio Rd #9230
76,Moon,623121,25-05-2021,74989 Brandon St
77,Laurel,777752,26-05-2021,6 Kains Ave
78,Delisa,20000,27-05-2021,47565 W Grand Ave
79,Viva,10000,28-05-2021,4284 Dorigo Ln
80,Elza,5000,29-05-2021,6794 Lake Dr E
81,Devorah,20000,30-05-2021,31 Douglas Blvd #950
82,Timothy,50000,31-05-2021,44 W 4th St
83,Arlette,60000,01-06-2021,11279 Loytan St
84,Dominque,80000,02-06-2021,69 Marquette Ave
85,Lettie,20000,03-06-2021,70 W Main St
86,Myra,40000,04-06-2021,461 Prospect Pl #316
87,Stephaine,80000,05-06-2021,47154 Whipple Ave Nw
88,Lai,10000,06-06-2021,37 Alabama Ave
89,Stephen,30000,07-06-2021,3777 E Richmond St #900
90,Tyra,70000,08-06-2021,3 Fort Worth Ave
91,Tammara,20000,09-06-2021,4800 Black Horse Pike
92,Cory,10000,10-06-2021,83649 W Belmont Ave
93,Danica,985623,11-06-2021,840 15th Ave
94,Wilda,323221,12-06-2021,1747 Calle Amanecer #2
95,Elvera,20000,13-06-2021,99385 Charity St #840
96,Carma,56312,14-06-2021,68556 Central Hwy
97,Malinda,54321,15-06-2021,55 Riverside Ave
98,Natalie,6532,16-06-2021,7140 University Ave
99,Lisha,655451,17-06-2021,64 5th Ave #1153
100,Arlene,654351,18-06-2021,3 Secor Rd
101,Alease,20000,19-06-2021,4 Webbs Chapel Rd
102,Louisa,623121,20-06-2021,524 Louisiana Ave Nw
103,Angella,777752,21-06-2021,185 Blackstone Bldge
104,Cyndy,20000,22-06-2021,170 Wyoming Ave
105,Rosio,10000,23-06-2021,4 10th St W
106,Celeste,5000,24-06-2021,7 W Pinhook Rd
107,Twana,20000,25-06-2021,1 Commerce Way
108,Estrella,50000,26-06-2021,64 Lakeview Ave
109,Donte,60000,27-06-2021,3 Aspen St
110,Tiffiny,80000,28-06-2021,32860 Sierra Rd
111,Edna,20000,29-06-2021,555 Main St
112,Sue,40000,30-06-2021,2 Se 3rd Ave
113,Jesusa,80000,01-07-2021,2239 Shawnee Mission Pky
114,Rolland,10000,02-07-2021,2726 Charcot Ave
115,Pamella,30000,03-07-2021,5161 Dorsett Rd
116,Glory,70000,04-07-2021,55892 Jacksonville Rd
117,Shawna,20000,05-07-2021,5 N Cleveland Massillon Rd
118,Brandon,10000,06-07-2021,7 Benton Dr
119,Scarlet,985623,07-07-2021,9390 S Howell Ave
120,Oretha,323221,08-07-2021,8 County Center Dr #647
121,Ty,20000,09-07-2021,4646 Kaahumanu St
122,Xuan,56312,10-07-2021,2 Monroe St
123,Lindsey,54321,11-07-2021,52777 Leaders Heights Rd
124,Devora,6532,12-07-2021,72868 Blackington Ave
125,Herman,655451,13-07-2021,9 Norristown Rd
126,Rory,654351,14-07-2021,83 County Road 437 #8581
127,Talia,20000,15-07-2021,1 N Harlem Ave #9
128,Van,623121,16-07-2021,90131 J St
129,Lucina,777752,17-07-2021,8597 W National Ave
130,Bok,20000,18-07-2021,6 Gilson St
131,Rolande,10000,19-07-2021,65 W Maple Ave
132,Howard,5000,20-07-2021,866 34th Ave
133,Kimbery,20000,21-07-2021,798 Lund Farm Way
134,Thurman,50000,22-07-2021,9387 Charcot Ave
135,Becky,60000,23-07-2021,30553 Washington Rd
136,Beatriz,80000,24-07-2021,481 W Lemon St
137,Marti,20000,25-07-2021,4 Warehouse Point Rd #7
138,Nieves,40000,26-07-2021,4940 Pulaski Park Dr
139,Leatha,80000,27-07-2021,627 Walford Ave
140,Valentin,10000,28-07-2021,137 Pioneer Way
141,Melissa,30000,29-07-2021,61 13 Stoneridge #835
142,Sheridan,70000,30-07-2021,2409 Alabama Rd
143,Bulah,20000,31-07-2021,8927 Vandever Ave
144,Audra,10000,01-08-2021,134 Lewis Rd
145,Daren,985623,02-08-2021,9 N College Ave #3
146,Fernanda,323221,03-08-2021,60480 Old Us Highway 51
147,Gearldine,20000,04-08-2021,4 Bloomfield Ave
148,Chau,56312,05-08-2021,429 Tiger Ln
149,Theola,54321,06-08-2021,54169 N Main St
150,Cheryl,6532,07-08-2021,92 Main St
151,Laticia,655451,08-08-2021,72 Mannix Dr
152,Carissa,654351,09-08-2021,12270 Caton Center Dr
153,Lezlie,20000,10-08-2021,749 W 18th St #45
154,Ozell,623121,11-08-2021,8 Industry Ln
155,Arminda,777752,12-08-2021,1 Huntwood Ave
156,Reita,20000,13-08-2021,55262 N French Rd
157,Yolando,10000,14-08-2021,422 E 21st St
158,Lizette,5000,15-08-2021,501 N 19th Ave
159,Gregoria,20000,16-08-2021,455 N Main Ave
160,Carin,50000,17-08-2021,1844 Southern Blvd
161,Chantell,60000,18-08-2021,2023 Greg St
162,Dierdre,80000,19-08-2021,63381 Jenks Ave
163,Larae,20000,20-08-2021,6651 Municipal Rd
164,Latrice,40000,21-08-2021,81 Norris Ave #525
165,Kerry,80000,22-08-2021,6916 W Main St
166,Dorthy,10000,23-08-2021,9635 S Main St
167,Fannie,30000,24-08-2021,17 Us Highway 111
168,Evangelina,70000,25-08-2021,992 Civic Center Dr
169,Novella,20000,26-08-2021,303 N Radcliffe St
170,Clay,10000,27-08-2021,73 Saint Ann St #86
171,Jennifer,985623,28-08-2021,44 58th St
172,Irma,323221,29-08-2021,9745 W Main St
173,Eun,20000,30-08-2021,84 Bloomfield Ave
174,Sylvia,56312,31-08-2021,287 Youngstown Warren Rd
175,Nana,54321,01-09-2021,6 Van Buren St
176,Layla,6532,02-09-2021,229 N Forty Driv
177,Joesph,655451,03-09-2021,2887 Knowlton St #5435
178,Annabelle,654351,04-09-2021,523 Marquette Ave
179,Stephaine,20000,05-09-2021,3717 Hamann Industrial Pky
180,Nelida,623121,06-09-2021,3 State Route 35 S
181,Marguerita,777752,07-09-2021,82 N Highway 67
182,Carmela,20000,08-09-2021,9 Murfreesboro Rd
183,Junita,10000,09-09-2021,6 S Broadway St
184,Claribel,5000,10-09-2021,6 Harry L Dr #6327
185,Benton,20000,11-09-2021,47939 Porter Ave
186,Hillary,50000,12-09-2021,9 Wales Rd Ne #914
187,Merilyn,60000,13-09-2021,195 13n N
188,Teri,80000,14-09-2021,99 Tank Farm Rd
189,Merlyn,20000,15-09-2021,4671 Alemany Blvd
190,Georgene,40000,16-09-2021,98 University Dr
191,Jettie,80000,17-09-2021,50 E Wacker Dr
192,Lemuel,10000,18-09-2021,70 Euclid Ave #722
193,Melodie,30000,19-09-2021,326 E Main St #6496
194,Candida,70000,20-09-2021,406 Main St
195,Karan,20000,21-09-2021,3 Elmwood Dr
196,Andra,10000,22-09-2021,9 Church St
197,Felicidad,985623,23-09-2021,9939 N 14th St
198,Belen,323221,24-09-2021,5384 Southwyck Blvd
199,Gracia,20000,25-09-2021,97 Airport Loop Dr
200,Jolanda,56312,26-09-2021,37855 Nolan Rd
201,Barrett,54321,27-09-2021,4252 N Washington Ave #9
202,Helga,6532,28-09-2021,42754 S Ash Ave
203,Ashlyn,655451,29-09-2021,703 Beville Rd
204,Fausto,654351,30-09-2021,5 Harrison Rd
205,Ronny,20000,01-10-2021,73 Southern Blvd
206,Marge,623121,02-10-2021,189 Village Park Rd
207,Norah,777752,03-10-2021,6 Middlegate Rd #106
208,Aliza,20000,04-10-2021,1128 Delaware St
209,Mozell,10000,05-10-2021,577 Parade St
210,Viola,5000,06-10-2021,70 Mechanic St
211,Franklyn,20000,07-10-2021,4379 Highway 116
212,Willodean,50000,08-10-2021,55 Hawthorne Blvd
213,Beckie,60000,09-10-2021,7116 Western Ave
214,Rebecka,80000,10-10-2021,2026 N Plankinton Ave #3
215,Frederica,20000,11-10-2021,99586 Main St
216,Glen,40000,12-10-2021,8739 Hudson St
217,Freeman,80000,13-10-2021,383 Gunderman Rd #197
218,Vincent,10000,14-10-2021,4441 Point Term Mkt
219,Rima,30000,15-10-2021,2972 Lafayette Ave
220,Glendora,70000,16-10-2021,2140 Diamond Blvd
221,Avery,20000,17-10-2021,93 Redmond Rd #492
222,Cristy,10000,18-10-2021,3989 Portage Tr
223,Nicolette,985623,19-10-2021,1 Midway Rd
224,Tracey,323221,20-10-2021,77132 Coon Rapids Blvd Nw
225,Virgina,20000,21-10-2021,755 Harbor Way
226,Tiera,56312,22-10-2021,87 Sierra Rd
227,Alaine,54321,23-10-2021,7667 S Hulen St #42
228,Earleen,6532,24-10-2021,75684 S Withlapopka Dr #32
229,Leonida,655451,25-10-2021,5 Elmwood Park Blvd
230,Ressie,654351,26-10-2021,23 Palo Alto Sq
231,Justine,20000,27-10-2021,38062 E Main St
232,Eladia,623121,28-10-2021,3958 S Dupont Hwy #7
233,Chaya,777752,29-10-2021,560 Civic Center Dr
234,Gwenn,20000,30-10-2021,3270 Dequindre Rd
235,Salena,10000,31-10-2021,1 Garfield Ave #7
236,Yoko,5000,01-11-2021,9122 Carpenter Ave
237,Taryn,20000,02-11-2021,48 Lenox St
238,Katina,50000,03-11-2021,5 Little River Tpke
239,Rickie,60000,04-11-2021,3 N Groesbeck Hwy
240,Alex,80000,05-11-2021,37 N Elm St #916
241,Lashon,20000,06-11-2021,433 Westminster Blvd #590
242,Lauran,40000,07-11-2021,66697 Park Pl #3224
243,Ceola,80000,08-11-2021,96263 Greenwood Pl
244,My,10000,09-11-2021,8 Mcarthur Ln
245,Lorrine,30000,10-11-2021,8 Fair Lawn Ave
246,Peggie,70000,11-11-2021,9 N 14th St
247,Marvel,20000,12-11-2021,9 Vanowen St
248,Daron,10000,13-11-2021,18 Waterloo Geneva Rd
249,An,985623,14-11-2021,506 S Hacienda Dr
250,Portia,323221,15-11-2021,3732 Sherman Ave
251,Rhea,20000,16-11-2021,25657 Live Oak St
252,Benedict,56312,17-11-2021,4923 Carey Ave
253,Alyce,54321,18-11-2021,3196 S Rider Trl
254,Heike,6532,19-11-2021,3 Railway Ave #75
255,Carey,655451,20-11-2021,87393 E Highland Rd
256,Dottie,654351,21-11-2021,67 E Chestnut Hill Rd
257,Deandrea,20000,22-11-2021,33 Lewis Rd #46
258,Kimberlie,623121,23-11-2021,8100 Jacksonville Rd #7
259,Martina,777752,24-11-2021,7 W Wabansia Ave #227
260,Skye,20000,25-11-2021,25 Minters Chapel Rd #9
261,Jade,10000,26-11-2021,6882 Torresdale Ave
262,Charlene,5000,27-11-2021,985 E 6th Ave
263,Geoffrey,20000,28-11-2021,7 West Ave #1
264,Stevie,50000,29-11-2021,26659 N 13th St
265,Pamella,60000,30-11-2021,669 Packerland Dr #1438
266,Harrison,80000,01-12-2021,759 Eldora St
267,Johnna,20000,02-12-2021,5 S Colorado Blvd #449
268,Buddy,40000,03-12-2021,944 Gaither Dr
269,Dalene,80000,04-12-2021,66552 Malone Rd
270,Jerry,10000,05-12-2021,77 Massillon Rd #822
271,Haydee,30000,06-12-2021,25346 New Rd
272,Joseph,70000,07-12-2021,60 Fillmore Ave
273,Deonna,20000,08-12-2021,57 Haven Ave #90
274,Raymon,10000,09-12-2021,6538 E Pomona St #60
275,Alecia,985623,10-12-2021,6535 Joyce St
276,Ma,323221,11-12-2021,78112 Morris Ave
277,Detra,20000,12-12-2021,96950 Hidden Ln
278,Terrilyn,56312,13-12-2021,3718 S Main St
279,Salome,54321,14-12-2021,9677 Commerce Dr
280,Garry,6532,15-12-2021,5 Green Pond Rd #4
281,Matthew,655451,16-12-2021,636 Commerce Dr #42
282,Theodora,654351,17-12-2021,42744 Hamann Industrial Pky #82
283,Noah,20000,18-12-2021,1950 5th Ave
284,Carmen,623121,19-12-2021,61304 N French Rd
285,Lavonda,777752,20-12-2021,87 Imperial Ct #79
286,Junita,20000,21-12-2021,94 W Dodge Rd
287,Herminia,10000,22-12-2021,4 58th St #3519
288,Casie,5000,23-12-2021,5221 Bear Valley Rd
289,Reena,20000,24-12-2021,9648 S Main
290,Mirta,50000,25-12-2021,7 S San Marcos Rd
291,Cathrine,60000,26-12-2021,812 S Haven St
292,Filiberto,80000,27-12-2021,3882 W Congress St #799
293,Raul,20000,28-12-2021,4 E Colonial Dr
294,Sarah,40000,29-12-2021,45 2nd Ave #9759
295,Lucy,80000,30-12-2021,57254 Brickell Ave #372
296,Judy,10000,31-12-2021,8977 Connecticut Ave Nw #3
297,Yvonne,30000,01-01-2020,9 Waydell St
298,Kayleigh,70000,02-01-2020,43 Huey P Long Ave
299,Felix,20000,03-01-2020,7563 Cornwall Rd #4462
300,Tresa,10000,04-01-2020,22 Bridle Ln
301,Kristeen,985623,05-01-2020,70099 E North Ave
302,Jenelle,323221,06-01-2020,3211 E Northeast Loop
303,Renea,20000,07-01-2020,26 Montgomery St
304,Olive,56312,08-01-2020,13252 Lighthouse Ave
305,Ligia,54321,09-01-2020,206 Main St #2804
306,Christiane,6532,10-01-2020,96541 W Central Blvd
307,Goldie,655451,11-01-2020,34 Saint George Ave #2
308,Loreta,654351,12-01-2020,47857 Coney Island Ave
309,Fabiola,20000,13-01-2020,8573 Lincoln Blvd
310,Amie,623121,14-01-2020,596 Santa Maria Ave #7913
311,Raina,777752,15-01-2020,3829 Ventura Blvd
312,Erinn,20000,16-01-2020,13 S Hacienda Dr
313,Cherry,10000,17-01-2020,40 9th Ave Sw #91
314,Kattie,5000,18-01-2020,2845 Boulder Crescent St
315,Lilli,20000,19-01-2020,33 State St
316,Whitley,50000,20-01-2020,2 S 15th St
317,Barbra,60000,21-01-2020,4 Kohler Memorial Dr
318,Hermila,80000,22-01-2020,1 Rancho Del Mar Shopping C
319,Jesusita,20000,23-01-2020,3943 N Highland Ave
320,Caitlin,40000,24-01-2020,5 Williams St
321,Roosevelt,80000,25-01-2020,60 Old Dover Rd
322,Helaine,10000,26-01-2020,8 Sheridan Rd
323,Lorean,30000,27-01-2020,85092 Southern Blvd
324,France,70000,28-01-2020,64 Newman Springs Rd E
325,Justine,20000,29-01-2020,48 Stratford Ave
326,Adelina,10000,30-01-2020,80 Pittsford Victor Rd #9
327,Derick,985623,31-01-2020,87163 N Main Ave
328,Jerry,323221,01-02-2020,393 Lafayette Ave
329,Leota,20000,02-02-2020,99 5th Ave #33
330,Jutta,56312,03-02-2020,49 N Mays St
331,Aja,54321,04-02-2020,993 Washington Ave
332,Kirk,6532,05-02-2020,88 15th Ave Ne
333,Leonora,655451,06-02-2020,3381 E 40th Ave
334,Winfred,654351,07-02-2020,201 Ridgewood Rd
335,Tarra,20000,08-02-2020,39 Moccasin Dr
336,Corinne,623121,09-02-2020,4 Carroll St
337,Dulce,777752,10-02-2020,9581 E Arapahoe Rd
338,Kate,20000,11-02-2020,33 N Michigan Ave
339,Kaitlyn,10000,12-02-2020,2 S Biscayne Blvd
340,Sherita,5000,13-02-2020,8 Us Highway 22
341,Lashawnda,20000,14-02-2020,7422 Martin Ave #8
342,Ernest,50000,15-02-2020,94 Chase Rd
343,Nobuko,60000,16-02-2020,8139 I Hwy 10 #92
344,Lavonna,80000,17-02-2020,5 Cabot Rd
345,Lashaunda,20000,18-02-2020,3387 Ryan Dr
346,Mariann,40000,19-02-2020,3125 Packer Ave #9851
347,Helene,80000,20-02-2020,347 Chestnut St
348,Roselle,10000,21-02-2020,8116 Mount Vernon Ave
349,Samira,30000,22-02-2020,8772 Old County Rd #5410
350,Margart,70000,23-02-2020,868 State St #38
351,Kristofer,20000,24-02-2020,772 W River Dr
352,Weldon,10000,25-02-2020,73 W Barstow Ave
353,Shalon,985623,26-02-2020,61047 Mayfield Ave
354,Denise,323221,27-02-2020,2139 Santa Rosa Ave
355,Louvenia,20000,28-02-2020,598 43rd St
356,Audry,56312,01-03-2020,70295 Pioneer Ct
357,Kristel,54321,02-03-2020,92899 Kalakaua Ave
358,Vincenza,6532,03-03-2020,395 S 6th St #2
359,Elouise,655451,04-03-2020,9506 Edgemore Ave
360,Venita,654351,05-03-2020,72119 S Walker Ave #63
361,Kasandra,20000,06-03-2020,369 Latham St #500
362,Xochitl,623121,07-03-2020,3158 Runamuck Pl
363,Maile,777752,08-03-2020,9 Plainsboro Rd #598
364,Krissy,20000,09-03-2020,8728 S Broad St
365,Pete,10000,10-03-2020,2215 Prosperity Dr
366,Linn,5000,11-03-2020,1 S Pine St
367,Paris,20000,12-03-2020,187 Market St
368,Wynell,50000,13-03-2020,94290 S Buchanan St
369,Quentin,60000,14-03-2020,7061 N 2nd St
370,Regenia,80000,15-03-2020,10759 Main St
371,Sheron,20000,16-03-2020,97 E 3rd St #9
372,Izetta,40000,17-03-2020,82 Winsor St #54
373,Rodolfo,80000,18-03-2020,41 Steel Ct
374,Zona,10000,19-03-2020,49440 Dearborn St
375,Serina,30000,20-03-2020,7 S Beverly Dr
376,Paz,70000,21-03-2020,919 Wall Blvd
377,Markus,20000,22-03-2020,89 20th St E #779
378,Jaclyn,10000,23-03-2020,721 Interstate 45 S
379,Cyril,985623,24-03-2020,3 Lawton St
380,Gayla,323221,25-03-2020,38 Pleasant Hill Rd
381,Erick,20000,26-03-2020,45 E Acacia Ct
382,Jennie,56312,27-03-2020,63728 Poway Rd #1
383,Mitsue,54321,28-03-2020,77 222 Dr
384,Ciara,6532,29-03-2020,53 W Carey St
385,Galen,655451,30-03-2020,617 Nw 36th Ave
386,Truman,654351,31-03-2020,539 Coldwater Canyon Ave
387,Gail,20000,01-04-2020,735 Crawford Dr
388,Dalene,623121,02-04-2020,910 Rahway Ave
389,Gertude,777752,03-04-2020,7 Tarrytown Rd
390,Lizbeth,20000,04-04-2020,35433 Blake St #588
391,Glenn,10000,05-04-2020,29 Cherry St #7073
392,Lashandra,5000,06-04-2020,810 N La Brea Ave
393,Lenna,20000,07-04-2020,987 Main St
394,Laurel,50000,08-04-2020,36 Enterprise St Se
395,Mireya,60000,09-04-2020,8429 Miller Rd
396,Annelle,80000,10-04-2020,5 W 7th St
397,Dean,20000,11-04-2020,2 Flynn Rd
398,Levi,40000,12-04-2020,2094 Ne 36th Ave
399,Sylvie,80000,13-04-2020,649 Tulane Ave
400,Sharee,10000,14-04-2020,2094 Montour Blvd
401,Cordelia,30000,15-04-2020,393 Hammond Dr
402,Mollie,70000,16-04-2020,8590 Lake Lizzie Dr
403,Brett,20000,17-04-2020,87895 Concord Rd
404,Teddy,10000,18-04-2020,46314 Route 130
405,Tasia,985623,19-04-2020,4 Cowesett Ave
406,Hubert,323221,20-04-2020,95 Main Ave #2
407,Arthur,20000,21-04-2020,28 S 7th St #2824
408,Vilma,56312,22-04-2020,79 S Howell Ave
409,Billye,54321,23-04-2020,36 Lancaster Dr Se
410,Glenna,6532,24-04-2020,2759 Livingston Ave
411,Mitzie,655451,25-04-2020,17 Jersey Ave
412,Bernardine,654351,26-04-2020,2 W Grand Ave
413,Staci,20000,27-04-2020,18 Coronado Ave #563
414,Nichelle,623121,28-04-2020,72 Beechwood Ter
415,Janine,777752,29-04-2020,92 Broadway
416,Ettie,20000,30-04-2020,39 Franklin Ave
417,Eden,10000,01-05-2020,4 Iwaena St
418,Lynelle,5000,02-05-2020,32820 Corkwood Rd
419,Merissa,20000,03-05-2020,34 Raritan Center Pky
420,Golda,50000,04-05-2020,6201 S Nevada Ave
421,Catarina,60000,05-05-2020,78 Maryland Dr #146
422,Virgie,80000,06-05-2020,76598 Rd  I 95 #1
423,Jolene,20000,07-05-2020,1610 14th St Nw
424,Keneth,40000,08-05-2020,86350 Roszel Rd
425,Rikki,80000,09-05-2020,1644 Clove Rd
426,Elke,10000,10-05-2020,9 W Central Ave
427,Hoa,30000,11-05-2020,27846 Lafayette Ave
428,Trinidad,70000,12-05-2020,10276 Brooks St
429,Mari,20000,13-05-2020,1 Century Park E
430,Selma,10000,14-05-2020,9 State Highway 57 #22
431,Antione,985623,15-05-2020,4 S Washington Ave
432,Luisa,323221,16-05-2020,25 Se 176th Pl
433,Clorinda,20000,17-05-2020,105 Richmond Valley Rd
434,Dick,56312,18-05-2020,22 Spruce St #595
435,Ahmed,54321,19-05-2020,2 W Beverly Blvd
436,Iluminada,6532,20-05-2020,72 Southern Blvd
437,Joanna,655451,21-05-2020,1 Washington St
438,Caprice,654351,22-05-2020,90177 N 55th Ave
439,Stephane,20000,23-05-2020,9 Tower Ave
440,Quentin,623121,24-05-2020,278 Bayview Ave
441,Annmarie,777752,25-05-2020,80312 W 32nd St
442,Shonda,20000,26-05-2020,82 Us Highway 46
443,Cecil,10000,27-05-2020,4 Stovall St #72
444,Jeanice,5000,28-05-2020,19 Amboy Ave
445,Josphine,20000,29-05-2020,63 Smith Ln #8343
446,Daniel,50000,30-05-2020,11360 S Halsted St
447,Cassi,60000,31-05-2020,26849 Jefferson Hwy
448,Britt,80000,01-06-2020,2500 Pringle Rd Se #508
449,Adell,20000,02-06-2020,65 Mountain View Dr
450,Jacqueline,40000,03-06-2020,1 N San Saba
451,Lonny,80000,04-06-2020,51120 State Route 18
452,Lonna,10000,05-06-2020,1482 College Ave
453,Cristal,30000,06-06-2020,4119 Metropolitan Dr
454,Kenneth,70000,07-06-2020,2167 Sierra Rd
455,Elli,20000,08-06-2020,6 Sunrise Ave
456,Alline,10000,09-06-2020,55713 Lake City Hwy
457,Sharika,985623,10-06-2020,75698 N Fiesta Blvd
458,Nu,323221,11-06-2020,88 Sw 28th Ter
459,Daniela,20000,12-06-2020,7 Flowers Rd #403
460,Cecilia,56312,13-06-2020,4 Nw 12th St #3849
461,Leslie,54321,14-06-2020,2 A Kelley Dr
462,Nan,6532,15-06-2020,88827 Frankford Ave
463,Izetta,655451,16-06-2020,2 W Scyene Rd #3
464,Tegan,654351,17-06-2020,62260 Park Stre
465,Ruthann,20000,18-06-2020,3424 29th St Se
466,Joni,623121,19-06-2020,35 E Main St #43
467,Vi,777752,20-06-2020,7163 W Clark Rd
468,Colette,20000,21-06-2020,21575 S Apple Creek Rd
469,Malcolm,10000,22-06-2020,747 Leonis Blvd
470,Ryan,5000,23-06-2020,13 Gunnison St
471,Jess,20000,24-06-2020,18 3rd Ave
472,Sharen,50000,25-06-2020,62 W Austin St
473,Nickolas,60000,26-06-2020,177 S Rider Trl #52
474,Gary,80000,27-06-2020,2 W Mount Royal Ave
475,Diane,20000,28-06-2020,1953 Telegraph Rd
476,Roslyn,40000,29-06-2020,63517 Dupont St
477,Glory,80000,30-06-2020,5 E Truman Rd
478,Rasheeda,10000,01-07-2020,251 Park Ave #979
479,Alpha,30000,02-07-2020,43496 Commercial Dr #29
480,Refugia,70000,03-07-2020,2184 Worth St
481,Shawnda,20000,04-07-2020,50126 N Plankinton Ave
482,Mona,10000,05-07-2020,38773 Gravois Ave
483,Gilma,985623,06-07-2020,16452 Greenwich St
484,Janey,323221,07-07-2020,40 Cambridge Ave
485,Lili,20000,08-07-2020,20113 4th Ave E
486,Loren,56312,09-07-2020,6 Ridgewood Center Dr
487,Dorothy,54321,10-07-2020,469 Outwater Ln
488,Gail,6532,11-07-2020,62 Monroe St
489,Catalina,655451,12-07-2020,3338 A Lockport Pl #6
490,Lawrence,654351,13-07-2020,9 Hwy
491,Carlee,20000,14-07-2020,8284 Hart St
492,Thaddeus,623121,15-07-2020,5 Washington St #1
493,Jovita,777752,16-07-2020,8 S Haven St
494,Alesia,20000,17-07-2020,9 Front St
495,Lai,10000,18-07-2020,1933 Packer Ave #2
496,Brittni,5000,19-07-2020,67 Rv Cent
497,Raylene,20000,20-07-2020,2 Sw Nyberg Rd
498,Flo,50000,21-07-2020,89992 E 15th St
499,Jani,60000,22-07-2020,61556 W 20th Ave
500,Chauncey,80000,23-07-2020,63 E Aurora Dr
